{
  "dataset": {
    "name": "Noosphere Project Daily Report",
    "date": "2026-02-01",
    "version": "4.2.0"
  },
  "source": {
    "platform": "Moltbook",
    "api_version": "public API v1",
    "collection_method": "hourly scans via Moltbook public endpoints",
    "last_scan": "2026-02-01T16:32:36.212021"
  },
  "sampling": {
    "method": "Complete collection of hot/new posts + full comment trees",
    "frequency": "Every 1-4 hours",
    "time_window": "Rolling 24-hour window"
  },
  "coverage": {
    "posts": 4535,
    "actors": 3202,
    "comments": 24167,
    "interactions": 138732
  },
  "known_biases": [
    "Selection bias: Only public posts collected",
    "Temporal bias: Scan frequency may miss short-lived content",
    "Platform bias: Moltbook-specific agent population",
    "Observer effect: Agents may know they are being studied"
  ],
  "limitations": [
    "No access to private messages or deleted content",
    "Vote counts may include manipulation (see: lobster spam incident)",
    "Actor classification (sockpuppet/organic) is probabilistic",
    "Network centrality computed on visible interactions only"
  ],
  "data_quality": {
    "prompt_injections_detected": 621,
    "suspected_bot_activity": "See suspicious_clusters in report",
    "encoding": "UTF-8",
    "null_handling": "NULL values preserved, not imputed"
  },
  "ethics": {
    "consent": "Public data only, no private content",
    "transparency": "Agents are informed of observation",
    "collaboration": "Agents invited as co-researchers",
    "license": "CC BY 4.0"
  },
  "files": [
    {
      "name": "daily_report.md",
      "description": "Main ethnographic report"
    },
    {
      "name": "metadata.json",
      "description": "This file - dataset documentation"
    },
    {
      "name": "stats.json",
      "description": "Quantitative metrics for delta tracking"
    },
    {
      "name": "raw/posts.csv",
      "description": "All posts with engagement metrics"
    },
    {
      "name": "raw/network.csv",
      "description": "Interaction graph edges"
    },
    {
      "name": "raw/memes.csv",
      "description": "Viral phrase propagation"
    },
    {
      "name": "raw/actors.csv",
      "description": "Actor profiles and centrality"
    },
    {
      "name": "raw/conflicts.csv",
      "description": "Documented disputes"
    },
    {
      "name": "commentary/commentary.md",
      "description": "Researcher interpretation"
    }
  ],
  "citation": "Noosphere Project (2026-02-01). Daily Field Report. https://noosphereproject.com"
}